{
  "10": {
    "silhouette_score": 0.00931725615389933,
    "chi_score": 22.76287529438796,
    "dbi_score": 4.174679101394874
  },
  "15": {
    "silhouette_score": -0.00373274539442331,
    "chi_score": 17.111634933539424,
    "dbi_score": 3.8516372338218887
  },
  "20": {
    "silhouette_score": -0.0007982954291076962,
    "chi_score": 13.863330840090669,
    "dbi_score": 3.890712722733938
  },
  "25": {
    "silhouette_score": 0.017902361006189766,
    "chi_score": 12.338955400113429,
    "dbi_score": 3.5948634109245194
  },
  "30": {
    "silhouette_score": 0.016228986500220484,
    "chi_score": 11.280799739049478,
    "dbi_score": 3.62948040973662
  }
}