{
  "10": {
    "silhouette_score": 0.023874135607723054,
    "chi_score": 16.947141287196125,
    "dbi_score": 3.7560801828511226
  },
  "15": {
    "silhouette_score": 0.03150658674023501,
    "chi_score": 13.543597854265771,
    "dbi_score": 3.7826819503708857
  },
  "20": {
    "silhouette_score": 0.029810272964771355,
    "chi_score": 11.833916816400633,
    "dbi_score": 3.686046332915738
  },
  "25": {
    "silhouette_score": 0.02511802026879981,
    "chi_score": 10.284508420873712,
    "dbi_score": 3.39984892120479
  },
  "30": {
    "silhouette_score": 0.02726369223209646,
    "chi_score": 9.371881983006633,
    "dbi_score": 3.3740021053189957
  }
}