{
  "10": {
    "silhouette_score": 0.008452362810953434,
    "chi_score": 13.440406268280807,
    "dbi_score": 4.831141461267297
  },
  "15": {
    "silhouette_score": 0.007283862887644757,
    "chi_score": 13.213898050918933,
    "dbi_score": 4.374067749830895
  },
  "20": {
    "silhouette_score": 0.012978153455034924,
    "chi_score": 10.877636808703569,
    "dbi_score": 3.9507826635611876
  },
  "25": {
    "silhouette_score": 0.017928648474734132,
    "chi_score": 10.033099447906864,
    "dbi_score": 3.5951526453039166
  },
  "30": {
    "silhouette_score": 0.017671800462221863,
    "chi_score": 8.96545648732767,
    "dbi_score": 3.5662627567042553
  }
}