{
  "10": {
    "silhouette_score": 0.02798279278104852,
    "chi_score": 14.968636869422053,
    "dbi_score": 4.027825862233055
  },
  "15": {
    "silhouette_score": 0.024114994875195264,
    "chi_score": 11.7038506377625,
    "dbi_score": 3.8089848966613316
  },
  "20": {
    "silhouette_score": 0.02478495929954009,
    "chi_score": 10.205670819815124,
    "dbi_score": 3.6378703929146274
  },
  "25": {
    "silhouette_score": 0.030434615945296385,
    "chi_score": 9.08552904021402,
    "dbi_score": 3.527635701469627
  },
  "30": {
    "silhouette_score": 0.026171179236484026,
    "chi_score": 8.240887985456501,
    "dbi_score": 3.4954950591697473
  }
}