{
  "10": {
    "silhouette_score": -0.0030301636675556074,
    "chi_score": 32.14878726603399,
    "dbi_score": 4.086113237946652
  },
  "15": {
    "silhouette_score": -0.004011271343509001,
    "chi_score": 24.557225569351033,
    "dbi_score": 3.6574387278742853
  },
  "20": {
    "silhouette_score": 0.0046078525354250315,
    "chi_score": 19.979366888144686,
    "dbi_score": 3.619837669824308
  },
  "25": {
    "silhouette_score": -0.07466065385946624,
    "chi_score": 18.079166398494795,
    "dbi_score": 3.8750269768564376
  },
  "30": {
    "silhouette_score": -0.0690847333194216,
    "chi_score": 15.701845552949898,
    "dbi_score": 3.6412803478582396
  }
}