{
  "10": {
    "silhouette_score": 0.03169071054891725,
    "chi_score": 21.252859743725235,
    "dbi_score": 3.8055308748977423
  },
  "15": {
    "silhouette_score": 0.02576688362684225,
    "chi_score": 17.99342769607069,
    "dbi_score": 3.6443772657499234
  },
  "20": {
    "silhouette_score": 0.031161482445316805,
    "chi_score": 15.439380546591405,
    "dbi_score": 3.3720547325118773
  },
  "25": {
    "silhouette_score": 0.031409539614605776,
    "chi_score": 13.412332514283086,
    "dbi_score": 3.538538673714565
  },
  "30": {
    "silhouette_score": 0.03526041009195954,
    "chi_score": 11.994392538604664,
    "dbi_score": 3.2500286551537374
  }
}